gene symbol	gene_id
BTG2	ENSG00000159388
CXCL16	ENSG00000161921
DLX4	ENSG00000108813
DUSP4	ENSG00000120875
GFRA3	ENSG00000146013
HBEGF	ENSG00000113070
HEY1	ENSG00000164683
LBX2	ENSG00000179528
NPW	ENSG00000183971
PPP1R3C	ENSG00000119938
RAB33B	ENSG00000172007
SLC38A3	ENSG00000188338
SPON2	ENSG00000159674
ZADH2	ENSG00000180011
ZCCHC12	ENSG00000174460
ANGPT1	ENSG00000154188
ARL11	ENSG00000152213
B3GAT2	ENSG00000112309
BGN	ENSG00000182492
C22orf42	ENSG00000205856
CSDC2	ENSG00000172346
CYSRT1	ENSG00000197191
DEGS2	ENSG00000168350
DGAT2	ENSG00000062282
DNLZ	ENSG00000213221
FAM241A	ENSG00000174749
FRZB	ENSG00000162998
GPR3	ENSG00000181773
HES2	ENSG00000069812
IFFO2	ENSG00000169991
IFIT5	ENSG00000152778
KCNJ8	ENSG00000121361
MPZL3	ENSG00000160588
MSC	ENSG00000178860
NEUROG3	ENSG00000122859
PDXP	ENSG00000241360
PEX12	ENSG00000108733
PID1	ENSG00000153823
PLAC9	ENSG00000189129
PLLP	ENSG00000102934
POMGNT2	ENSG00000144647
PRAF2	ENSG00000243279
RCAN1	ENSG00000159200
RERG	ENSG00000134533
RGS4	ENSG00000117152
RHCG	ENSG00000140519
SGPP1	ENSG00000126821
SYT4	ENSG00000132872
TIFA	ENSG00000145365
UBXN10	ENSG00000162543
