SV_type	ID	tool	original_filename	gallery_path
DUP	DUP1	Bamsnap-LRS	duplication_ONT_chr1_25904228_25915034.png	assets/DUP/bamsnap-lrs/DUP1.png
DUP	DUP1	SVhawkeye	chr1_25906228_25913034.e2000.png	assets/DUP/svhawkeye/DUP1.png
DUP	DUP2	Bamsnap-LRS	duplication_ONT_chr1_30649347_30653951.png	assets/DUP/bamsnap-lrs/DUP2.png
DUP	DUP2	SVhawkeye	chr1_30651347_30651951.e2000.png	assets/DUP/svhawkeye/DUP2.png
DUP	DUP3	Bamsnap-LRS	duplication_ONT_chr1_44705160_44723553.png	assets/DUP/bamsnap-lrs/DUP3.png
DUP	DUP3	SVhawkeye	chr1_44707160_44721553.e2000.png	assets/DUP/svhawkeye/DUP3.png
DUP	DUP4	Bamsnap-LRS	duplication_ONT_chr1_77227481_77237972.png	assets/DUP/bamsnap-lrs/DUP4.png
DUP	DUP4	SVhawkeye	chr1_77229481_77235972.e2000.png	assets/DUP/svhawkeye/DUP4.png
DUP	DUP5	Bamsnap-LRS	duplication_ONT_chr1_109416915_109423815.png	assets/DUP/bamsnap-lrs/DUP5.png
DUP	DUP5	SVhawkeye	chr1_109418915_109421815.e2000.png	assets/DUP/svhawkeye/DUP5.png
DUP	DUP6	Bamsnap-LRS	duplication_ONT_chr1_114263458_114274009.png	assets/DUP/bamsnap-lrs/DUP6.png
DUP	DUP6	SVhawkeye	chr1_114265458_114272009.e2000.png	assets/DUP/svhawkeye/DUP6.png
DUP	DUP7	Bamsnap-LRS	duplication_ONT_chr1_156916007_156932481.png	assets/DUP/bamsnap-lrs/DUP7.png
DUP	DUP7	SVhawkeye	chr1_156918007_156930481.e2000.png	assets/DUP/svhawkeye/DUP7.png
DUP	DUP8	Bamsnap-LRS	duplication_ONT_chr1_186866660_186881338.png	assets/DUP/bamsnap-lrs/DUP8.png
DUP	DUP8	SVhawkeye	chr1_186868660_186879338.e2000.png	assets/DUP/svhawkeye/DUP8.png
DUP	DUP9	Bamsnap-LRS	duplication_ONT_chr1_223825731_223846190.png	assets/DUP/bamsnap-lrs/DUP9.png
DUP	DUP9	SVhawkeye	chr1_223827731_223844190.e2000.png	assets/DUP/svhawkeye/DUP9.png
DUP	DUP10	Bamsnap-LRS	duplication_ONT_chr10_26933698_26942379.png	assets/DUP/bamsnap-lrs/DUP10.png
DUP	DUP10	SVhawkeye	chr10_26935698_26940379.e2000.png	assets/DUP/svhawkeye/DUP10.png
DUP	DUP11	Bamsnap-LRS	duplication_ONT_chr10_31835970_31847777.png	assets/DUP/bamsnap-lrs/DUP11.png
DUP	DUP11	SVhawkeye	chr10_31837970_31845777.e2000.png	assets/DUP/svhawkeye/DUP11.png
DUP	DUP12	Bamsnap-LRS	duplication_ONT_chr10_50472040_50482337.png	assets/DUP/bamsnap-lrs/DUP12.png
DUP	DUP12	SVhawkeye	chr10_50474040_50480337.e2000.png	assets/DUP/svhawkeye/DUP12.png
DUP	DUP13	Bamsnap-LRS	duplication_ONT_chr10_74808908_74818815.png	assets/DUP/bamsnap-lrs/DUP13.png
DUP	DUP13	SVhawkeye	chr10_74810908_74816815.e2000.png	assets/DUP/svhawkeye/DUP13.png
DUP	DUP14	Bamsnap-LRS	duplication_ONT_chr10_113949922_113970976.png	assets/DUP/bamsnap-lrs/DUP14.png
DUP	DUP14	SVhawkeye	chr10_113951922_113968976.e2000.png	assets/DUP/svhawkeye/DUP14.png
DUP	DUP15	Bamsnap-LRS	duplication_ONT_chr10_118858130_118908069.png	assets/DUP/bamsnap-lrs/DUP15.png
DUP	DUP15	SVhawkeye	chr10_118860130_118906069.e2000.png	assets/DUP/svhawkeye/DUP15.png
DUP	DUP16	Bamsnap-LRS	duplication_ONT_chr11_46846122_46864265.png	assets/DUP/bamsnap-lrs/DUP16.png
DUP	DUP16	SVhawkeye	chr11_46848122_46862265.e2000.png	assets/DUP/svhawkeye/DUP16.png
DUP	DUP17	Bamsnap-LRS	duplication_ONT_chr11_57957636_57965092.png	assets/DUP/bamsnap-lrs/DUP17.png
DUP	DUP17	SVhawkeye	chr11_57959636_57963092.e2000.png	assets/DUP/svhawkeye/DUP17.png
DUP	DUP18	Bamsnap-LRS	duplication_ONT_chr11_60961344_60973208.png	assets/DUP/bamsnap-lrs/DUP18.png
DUP	DUP18	SVhawkeye	chr11_60963344_60971208.e2000.png	assets/DUP/svhawkeye/DUP18.png
DUP	DUP19	Bamsnap-LRS	duplication_ONT_chr11_65438714_65446882.png	assets/DUP/bamsnap-lrs/DUP19.png
DUP	DUP19	SVhawkeye	chr11_65440714_65444882.e2000.png	assets/DUP/svhawkeye/DUP19.png
DUP	DUP20	Bamsnap-LRS	duplication_ONT_chr11_69649477_69681557.png	assets/DUP/bamsnap-lrs/DUP20.png
DUP	DUP20	SVhawkeye	chr11_69651477_69679557.e2000.png	assets/DUP/svhawkeye/DUP20.png
DUP	DUP21	Bamsnap-LRS	duplication_ONT_chr11_103273714_103288253.png	assets/DUP/bamsnap-lrs/DUP21.png
DUP	DUP21	SVhawkeye	chr11_103275714_103286253.e2000.png	assets/DUP/svhawkeye/DUP21.png
DUP	DUP22	Bamsnap-LRS	duplication_ONT_chr12_54294485_54318595.png	assets/DUP/bamsnap-lrs/DUP22.png
DUP	DUP22	SVhawkeye	chr12_54296485_54316595.e2000.png	assets/DUP/svhawkeye/DUP22.png
DUP	DUP23	Bamsnap-LRS	duplication_ONT_chr12_57373543_57385774.png	assets/DUP/bamsnap-lrs/DUP23.png
DUP	DUP23	SVhawkeye	chr12_57375543_57383774.e2000.png	assets/DUP/svhawkeye/DUP23.png
DUP	DUP24	Bamsnap-LRS	duplication_ONT_chr12_76682833_76698533.png	assets/DUP/bamsnap-lrs/DUP24.png
DUP	DUP24	SVhawkeye	chr12_76684833_76696533.e2000.png	assets/DUP/svhawkeye/DUP24.png
DUP	DUP25	Bamsnap-LRS	duplication_ONT_chr12_78858513_78864884.png	assets/DUP/bamsnap-lrs/DUP25.png
DUP	DUP25	SVhawkeye	chr12_78860513_78862884.e2000.png	assets/DUP/svhawkeye/DUP25.png
DUP	DUP26	Bamsnap-LRS	duplication_ONT_chr12_96358655_96367940.png	assets/DUP/bamsnap-lrs/DUP26.png
DUP	DUP26	SVhawkeye	chr12_96360655_96365940.e2000.png	assets/DUP/svhawkeye/DUP26.png
DUP	DUP27	Bamsnap-LRS	duplication_ONT_chr12_101543023_101585930.png	assets/DUP/bamsnap-lrs/DUP27.png
DUP	DUP27	SVhawkeye	chr12_101545023_101583930.e2000.png	assets/DUP/svhawkeye/DUP27.png
DUP	DUP28	Bamsnap-LRS	duplication_ONT_chr12_131328035_131332271.png	assets/DUP/bamsnap-lrs/DUP28.png
DUP	DUP28	SVhawkeye	chr12_131330035_131330271.e2000.png	assets/DUP/svhawkeye/DUP28.png
DUP	DUP29	Bamsnap-LRS	duplication_ONT_chr13_45966952_45975405.png	assets/DUP/bamsnap-lrs/DUP29.png
DUP	DUP29	SVhawkeye	chr13_45968952_45973405.e2000.png	assets/DUP/svhawkeye/DUP29.png
DUP	DUP30	Bamsnap-LRS	duplication_ONT_chr13_109542121_109550686.png	assets/DUP/bamsnap-lrs/DUP30.png
DUP	DUP30	SVhawkeye	chr13_109544121_109548686.e2000.png	assets/DUP/svhawkeye/DUP30.png
DUP	DUP31	Bamsnap-LRS	duplication_ONT_chr13_114047399_114075562.png	assets/DUP/bamsnap-lrs/DUP31.png
DUP	DUP31	SVhawkeye	chr13_114049399_114073562.e2000.png	assets/DUP/svhawkeye/DUP31.png
DUP	DUP32	Bamsnap-LRS	duplication_ONT_chr14_61609827_61619430.png	assets/DUP/bamsnap-lrs/DUP32.png
DUP	DUP32	SVhawkeye	chr14_61611827_61617430.e2000.png	assets/DUP/svhawkeye/DUP32.png
DUP	DUP33	Bamsnap-LRS	duplication_ONT_chr14_64369538_64384237.png	assets/DUP/bamsnap-lrs/DUP33.png
DUP	DUP33	SVhawkeye	chr14_64371538_64382237.e2000.png	assets/DUP/svhawkeye/DUP33.png
DUP	DUP34	Bamsnap-LRS	duplication_ONT_chr14_68220387_68248454.png	assets/DUP/bamsnap-lrs/DUP34.png
DUP	DUP34	SVhawkeye	chr14_68222387_68246454.e2000.png	assets/DUP/svhawkeye/DUP34.png
DUP	DUP35	Bamsnap-LRS	duplication_ONT_chr14_80757175_80771944.png	assets/DUP/bamsnap-lrs/DUP35.png
DUP	DUP35	SVhawkeye	chr14_80759175_80769944.e2000.png	assets/DUP/svhawkeye/DUP35.png
DUP	DUP36	Bamsnap-LRS	duplication_ONT_chr14_91641971_91656678.png	assets/DUP/bamsnap-lrs/DUP36.png
DUP	DUP36	SVhawkeye	chr14_91643971_91654678.e2000.png	assets/DUP/svhawkeye/DUP36.png
DUP	DUP37	Bamsnap-LRS	duplication_ONT_chr14_102067372_102082658.png	assets/DUP/bamsnap-lrs/DUP37.png
DUP	DUP37	SVhawkeye	chr14_102069372_102080658.e2000.png	assets/DUP/svhawkeye/DUP37.png
DUP	DUP38	Bamsnap-LRS	duplication_ONT_chr14_104679640_104691471.png	assets/DUP/bamsnap-lrs/DUP38.png
DUP	DUP38	SVhawkeye	chr14_104681640_104689471.e2000.png	assets/DUP/svhawkeye/DUP38.png
DUP	DUP39	Bamsnap-LRS	duplication_ONT_chr14_105626058_105630340.png	assets/DUP/bamsnap-lrs/DUP39.png
DUP	DUP39	SVhawkeye	chr14_105628058_105628340.e2000.png	assets/DUP/svhawkeye/DUP39.png
DUP	DUP40	Bamsnap-LRS	duplication_ONT_chr15_68886825_68894927.png	assets/DUP/bamsnap-lrs/DUP40.png
DUP	DUP40	SVhawkeye	chr15_68888825_68892927.e2000.png	assets/DUP/svhawkeye/DUP40.png
DUP	DUP41	Bamsnap-LRS	duplication_ONT_chr15_69363417_69376260.png	assets/DUP/bamsnap-lrs/DUP41.png
DUP	DUP41	SVhawkeye	chr15_69365417_69374260.e2000.png	assets/DUP/svhawkeye/DUP41.png
DUP	DUP42	Bamsnap-LRS	duplication_ONT_chr15_71048543_71056987.png	assets/DUP/bamsnap-lrs/DUP42.png
DUP	DUP42	SVhawkeye	chr15_71050543_71054987.e2000.png	assets/DUP/svhawkeye/DUP42.png
DUP	DUP43	Bamsnap-LRS	duplication_ONT_chr15_71312305_71344218.png	assets/DUP/bamsnap-lrs/DUP43.png
DUP	DUP43	SVhawkeye	chr15_71314305_71342218.e2000.png	assets/DUP/svhawkeye/DUP43.png
DUP	DUP44	Bamsnap-LRS	duplication_ONT_chr15_77012902_77023617.png	assets/DUP/bamsnap-lrs/DUP44.png
DUP	DUP44	SVhawkeye	chr15_77014902_77021617.e2000.png	assets/DUP/svhawkeye/DUP44.png
DUP	DUP45	Bamsnap-LRS	duplication_ONT_chr15_97762820_97771613.png	assets/DUP/bamsnap-lrs/DUP45.png
DUP	DUP45	SVhawkeye	chr15_97764820_97769613.e2000.png	assets/DUP/svhawkeye/DUP45.png
DUP	DUP46	Bamsnap-LRS	duplication_ONT_chr16_28229192_28239221.png	assets/DUP/bamsnap-lrs/DUP46.png
DUP	DUP46	SVhawkeye	chr16_28231192_28237221.e2000.png	assets/DUP/svhawkeye/DUP46.png
DUP	DUP47	Bamsnap-LRS	duplication_ONT_chr16_34570634_34583930.png	assets/DUP/bamsnap-lrs/DUP47.png
DUP	DUP47	SVhawkeye	chr16_34572634_34581930.e2000.png	assets/DUP/svhawkeye/DUP47.png
DUP	DUP48	Bamsnap-LRS	duplication_ONT_chr16_34580005_34587612.png	assets/DUP/bamsnap-lrs/DUP48.png
DUP	DUP48	SVhawkeye	chr16_34582005_34585612.e2000.png	assets/DUP/svhawkeye/DUP48.png
DUP	DUP49	Bamsnap-LRS	duplication_ONT_chr16_34590756_34596605.png	assets/DUP/bamsnap-lrs/DUP49.png
DUP	DUP49	SVhawkeye	chr16_34592756_34594605.e2000.png	assets/DUP/svhawkeye/DUP49.png
DUP	DUP50	Bamsnap-LRS	duplication_ONT_chr17_41579105_41592667.png	assets/DUP/bamsnap-lrs/DUP50.png
DUP	DUP50	SVhawkeye	chr17_41581105_41590667.e2000.png	assets/DUP/svhawkeye/DUP50.png
