class	id	chrom	start	end	tool	original_filename	gallery_path
INS	INS1	chr5	26440119	26440419	Bamsnap-LRS	insertion_ONT_HIFI_chr5_26440119_26440419.png	assets/INS/bamsnap-lrs/INS1.png
INS	INS1	chr5	26440119	26440419	Wally	INS1.png	assets/INS/wally/INS1.png
INS	INS1	chr5	26440119	26440419	SVhawkeye	chr5_26440269_26440269.e150.png	assets/INS/svhawkeye/INS1.png
INS	INS2	chr1	112208164	112208464	Bamsnap-LRS	insertion_ONT_HIFI_chr1_112208164_112208464.png	assets/INS/bamsnap-lrs/INS2.png
INS	INS2	chr1	112208164	112208464	Wally	INS2.png	assets/INS/wally/INS2.png
INS	INS2	chr1	112208164	112208464	SVhawkeye	chr1_112208314_112208314.e150.png	assets/INS/svhawkeye/INS2.png
INS	INS3	chr6	156144088	156144388	Bamsnap-LRS	insertion_ONT_HIFI_chr6_156144088_156144388.png	assets/INS/bamsnap-lrs/INS3.png
INS	INS3	chr6	156144088	156144388	Wally	INS3.png	assets/INS/wally/INS3.png
INS	INS3	chr6	156144088	156144388	SVhawkeye	chr6_156144238_156144238.e150.png	assets/INS/svhawkeye/INS3.png
INS	INS4	chr19	8531195	8531495	Bamsnap-LRS	insertion_ONT_HIFI_chr19_8531195_8531495.png	assets/INS/bamsnap-lrs/INS4.png
INS	INS4	chr19	8531195	8531495	Wally	INS4.png	assets/INS/wally/INS4.png
INS	INS4	chr19	8531195	8531495	SVhawkeye	chr19_8531345_8531345.e150.png	assets/INS/svhawkeye/INS4.png
INS	INS5	chr1	200074055	200074355	Bamsnap-LRS	insertion_ONT_HIFI_chr1_200074055_200074355.png	assets/INS/bamsnap-lrs/INS5.png
INS	INS5	chr1	200074055	200074355	Wally	INS5.png	assets/INS/wally/INS5.png
INS	INS5	chr1	200074055	200074355	SVhawkeye	chr1_200074205_200074205.e150.png	assets/INS/svhawkeye/INS5.png
INS	INS6	chr19	54049383	54049683	Bamsnap-LRS	insertion_ONT_HIFI_chr19_54049383_54049683.png	assets/INS/bamsnap-lrs/INS6.png
INS	INS6	chr19	54049383	54049683	Wally	INS6.png	assets/INS/wally/INS6.png
INS	INS6	chr19	54049383	54049683	SVhawkeye	chr19_54049533_54049533.e150.png	assets/INS/svhawkeye/INS6.png
INS	INS7	chr16	94802848	94803148	Bamsnap-LRS	insertion_ONT_HIFI_chr16_94802848_94803148.png	assets/INS/bamsnap-lrs/INS7.png
INS	INS7	chr16	94802848	94803148	Wally	INS7.png	assets/INS/wally/INS7.png
INS	INS7	chr16	94802848	94803148	SVhawkeye	chr16_94802998_94802998.e150.png	assets/INS/svhawkeye/INS7.png
INS	INS8	chr8	56288249	56288549	Bamsnap-LRS	insertion_ONT_HIFI_chr8_56288249_56288549.png	assets/INS/bamsnap-lrs/INS8.png
INS	INS8	chr8	56288249	56288549	Wally	INS8.png	assets/INS/wally/INS8.png
INS	INS8	chr8	56288249	56288549	SVhawkeye	chr8_56288399_56288399.e150.png	assets/INS/svhawkeye/INS8.png
INS	INS9	chr3	31361484	31361784	Bamsnap-LRS	insertion_ONT_HIFI_chr3_31361484_31361784.png	assets/INS/bamsnap-lrs/INS9.png
INS	INS9	chr3	31361484	31361784	Wally	INS9.png	assets/INS/wally/INS9.png
INS	INS9	chr3	31361484	31361784	SVhawkeye	chr3_31361634_31361634.e150.png	assets/INS/svhawkeye/INS9.png
INS	INS10	chr13	113197728	113198028	Bamsnap-LRS	insertion_ONT_HIFI_chr13_113197728_113198028.png	assets/INS/bamsnap-lrs/INS10.png
INS	INS10	chr13	113197728	113198028	Wally	INS10.png	assets/INS/wally/INS10.png
INS	INS10	chr13	113197728	113198028	SVhawkeye	chr13_113197878_113197878.e150.png	assets/INS/svhawkeye/INS10.png
INS	INS11	chr19	7881324	7881624	Bamsnap-LRS	insertion_ONT_HIFI_chr19_7881324_7881624.png	assets/INS/bamsnap-lrs/INS11.png
INS	INS11	chr19	7881324	7881624	Wally	INS11.png	assets/INS/wally/INS11.png
INS	INS11	chr19	7881324	7881624	SVhawkeye	chr19_7881474_7881474.e150.png	assets/INS/svhawkeye/INS11.png
INS	INS12	chr10	1590265	1590565	Bamsnap-LRS	insertion_ONT_HIFI_chr10_1590265_1590565.png	assets/INS/bamsnap-lrs/INS12.png
INS	INS12	chr10	1590265	1590565	Wally	INS12.png	assets/INS/wally/INS12.png
INS	INS12	chr10	1590265	1590565	SVhawkeye	chr10_1590415_1590415.e150.png	assets/INS/svhawkeye/INS12.png
INS	INS13	chr14	48411966	48412266	Bamsnap-LRS	insertion_ONT_HIFI_chr14_48411966_48412266.png	assets/INS/bamsnap-lrs/INS13.png
INS	INS13	chr14	48411966	48412266	Wally	INS13.png	assets/INS/wally/INS13.png
INS	INS13	chr14	48411966	48412266	SVhawkeye	chr14_48412116_48412116.e150.png	assets/INS/svhawkeye/INS13.png
INS	INS14	chr9	6804585	6804885	Bamsnap-LRS	insertion_ONT_HIFI_chr9_6804585_6804885.png	assets/INS/bamsnap-lrs/INS14.png
INS	INS14	chr9	6804585	6804885	Wally	INS14.png	assets/INS/wally/INS14.png
INS	INS14	chr9	6804585	6804885	SVhawkeye	chr9_6804735_6804735.e150.png	assets/INS/svhawkeye/INS14.png
INS	INS15	chr10	65601278	65601578	Bamsnap-LRS	insertion_ONT_HIFI_chr10_65601278_65601578.png	assets/INS/bamsnap-lrs/INS15.png
INS	INS15	chr10	65601278	65601578	Wally	INS15.png	assets/INS/wally/INS15.png
INS	INS15	chr10	65601278	65601578	SVhawkeye	chr10_65601428_65601428.e150.png	assets/INS/svhawkeye/INS15.png
INS	INS16	chr7	1039175	1039475	Bamsnap-LRS	insertion_ONT_HIFI_chr7_1039175_1039475.png	assets/INS/bamsnap-lrs/INS16.png
INS	INS16	chr7	1039175	1039475	Wally	INS16.png	assets/INS/wally/INS16.png
INS	INS16	chr7	1039175	1039475	SVhawkeye	chr7_1039325_1039325.e150.png	assets/INS/svhawkeye/INS16.png
INS	INS17	chr11	24733111	24733411	Bamsnap-LRS	insertion_ONT_HIFI_chr11_24733111_24733411.png	assets/INS/bamsnap-lrs/INS17.png
INS	INS17	chr11	24733111	24733411	Wally	INS17.png	assets/INS/wally/INS17.png
INS	INS17	chr11	24733111	24733411	SVhawkeye	chr11_24733261_24733261.e150.png	assets/INS/svhawkeye/INS17.png
INS	INS18	chr6	154255089	154255389	Bamsnap-LRS	insertion_ONT_HIFI_chr6_154255089_154255389.png	assets/INS/bamsnap-lrs/INS18.png
INS	INS18	chr6	154255089	154255389	Wally	INS18.png	assets/INS/wally/INS18.png
INS	INS18	chr6	154255089	154255389	SVhawkeye	chr6_154255239_154255239.e150.png	assets/INS/svhawkeye/INS18.png
INS	INS19	chr6	55938971	55939271	Bamsnap-LRS	insertion_ONT_HIFI_chr6_55938971_55939271.png	assets/INS/bamsnap-lrs/INS19.png
INS	INS19	chr6	55938971	55939271	Wally	INS19.png	assets/INS/wally/INS19.png
INS	INS19	chr6	55938971	55939271	SVhawkeye	chr6_55939121_55939121.e150.png	assets/INS/svhawkeye/INS19.png
INS	INS20	chr20	60324250	60324550	Bamsnap-LRS	insertion_ONT_HIFI_chr20_60324250_60324550.png	assets/INS/bamsnap-lrs/INS20.png
INS	INS20	chr20	60324250	60324550	Wally	INS20.png	assets/INS/wally/INS20.png
INS	INS20	chr20	60324250	60324550	SVhawkeye	chr20_60324400_60324400.e150.png	assets/INS/svhawkeye/INS20.png
INS	INS21	chr6	169578532	169578832	Bamsnap-LRS	insertion_ONT_HIFI_chr6_169578532_169578832.png	assets/INS/bamsnap-lrs/INS21.png
INS	INS21	chr6	169578532	169578832	Wally	INS21.png	assets/INS/wally/INS21.png
INS	INS21	chr6	169578532	169578832	SVhawkeye	chr6_169578682_169578682.e150.png	assets/INS/svhawkeye/INS21.png
INS	INS22	chr7	43466282	43466582	Bamsnap-LRS	insertion_ONT_HIFI_chr7_43466282_43466582.png	assets/INS/bamsnap-lrs/INS22.png
INS	INS22	chr7	43466282	43466582	Wally	INS22.png	assets/INS/wally/INS22.png
INS	INS22	chr7	43466282	43466582	SVhawkeye	chr7_43466432_43466432.e150.png	assets/INS/svhawkeye/INS22.png
INS	INS23	chr10	15959158	15959458	Bamsnap-LRS	insertion_ONT_HIFI_chr10_15959158_15959458.png	assets/INS/bamsnap-lrs/INS23.png
INS	INS23	chr10	15959158	15959458	Wally	INS23.png	assets/INS/wally/INS23.png
INS	INS23	chr10	15959158	15959458	SVhawkeye	chr10_15959308_15959308.e150.png	assets/INS/svhawkeye/INS23.png
INS	INS24	chr1	15607452	15607752	Bamsnap-LRS	insertion_ONT_HIFI_chr1_15607452_15607752.png	assets/INS/bamsnap-lrs/INS24.png
INS	INS24	chr1	15607452	15607752	Wally	INS24.png	assets/INS/wally/INS24.png
INS	INS24	chr1	15607452	15607752	SVhawkeye	chr1_15607602_15607602.e150.png	assets/INS/svhawkeye/INS24.png
INS	INS25	chr6	105950213	105950513	Bamsnap-LRS	insertion_ONT_HIFI_chr6_105950213_105950513.png	assets/INS/bamsnap-lrs/INS25.png
INS	INS25	chr6	105950213	105950513	Wally	INS25.png	assets/INS/wally/INS25.png
INS	INS25	chr6	105950213	105950513	SVhawkeye	chr6_105950363_105950363.e150.png	assets/INS/svhawkeye/INS25.png
INS	INS26	chr9	115095852	115096152	Bamsnap-LRS	insertion_ONT_HIFI_chr9_115095852_115096152.png	assets/INS/bamsnap-lrs/INS26.png
INS	INS26	chr9	115095852	115096152	Wally	INS26.png	assets/INS/wally/INS26.png
INS	INS26	chr9	115095852	115096152	SVhawkeye	chr9_115096002_115096002.e150.png	assets/INS/svhawkeye/INS26.png
INS	INS27	chr10	133775257	133775557	Bamsnap-LRS	insertion_ONT_HIFI_chr10_133775257_133775557.png	assets/INS/bamsnap-lrs/INS27.png
INS	INS27	chr10	133775257	133775557	Wally	INS27.png	assets/INS/wally/INS27.png
INS	INS27	chr10	133775257	133775557	SVhawkeye	chr10_133775407_133775407.e150.png	assets/INS/svhawkeye/INS27.png
INS	INS28	chr1	108062338	108062638	Bamsnap-LRS	insertion_ONT_HIFI_chr1_108062338_108062638.png	assets/INS/bamsnap-lrs/INS28.png
INS	INS28	chr1	108062338	108062638	Wally	INS28.png	assets/INS/wally/INS28.png
INS	INS28	chr1	108062338	108062638	SVhawkeye	chr1_108062488_108062488.e150.png	assets/INS/svhawkeye/INS28.png
INS	INS29	chr17	12350231	12350531	Bamsnap-LRS	insertion_ONT_HIFI_chr17_12350231_12350531.png	assets/INS/bamsnap-lrs/INS29.png
INS	INS29	chr17	12350231	12350531	Wally	INS29.png	assets/INS/wally/INS29.png
INS	INS29	chr17	12350231	12350531	SVhawkeye	chr17_12350381_12350381.e150.png	assets/INS/svhawkeye/INS29.png
INS	INS30	chr20	63774166	63774466	Bamsnap-LRS	insertion_ONT_HIFI_chr20_63774166_63774466.png	assets/INS/bamsnap-lrs/INS30.png
INS	INS30	chr20	63774166	63774466	Wally	INS30.png	assets/INS/wally/INS30.png
INS	INS30	chr20	63774166	63774466	SVhawkeye	chr20_63774316_63774316.e150.png	assets/INS/svhawkeye/INS30.png
INS	INS31	chr1	1558949	1559249	Bamsnap-LRS	insertion_ONT_HIFI_chr1_1558949_1559249.png	assets/INS/bamsnap-lrs/INS31.png
INS	INS31	chr1	1558949	1559249	Wally	INS31.png	assets/INS/wally/INS31.png
INS	INS31	chr1	1558949	1559249	SVhawkeye	chr1_1559099_1559099.e150.png	assets/INS/svhawkeye/INS31.png
INS	INS32	chr3	25133639	25133939	Bamsnap-LRS	insertion_ONT_HIFI_chr3_25133639_25133939.png	assets/INS/bamsnap-lrs/INS32.png
INS	INS32	chr3	25133639	25133939	Wally	INS32.png	assets/INS/wally/INS32.png
INS	INS32	chr3	25133639	25133939	SVhawkeye	chr3_25133789_25133789.e150.png	assets/INS/svhawkeye/INS32.png
INS	INS33	chr5	6501661	6501961	Bamsnap-LRS	insertion_ONT_HIFI_chr5_6501661_6501961.png	assets/INS/bamsnap-lrs/INS33.png
INS	INS33	chr5	6501661	6501961	Wally	INS33.png	assets/INS/wally/INS33.png
INS	INS33	chr5	6501661	6501961	SVhawkeye	chr5_6501811_6501811.e150.png	assets/INS/svhawkeye/INS33.png
INS	INS34	chr4	160981996	160982296	Bamsnap-LRS	insertion_ONT_HIFI_chr4_160981996_160982296.png	assets/INS/bamsnap-lrs/INS34.png
INS	INS34	chr4	160981996	160982296	Wally	INS34.png	assets/INS/wally/INS34.png
INS	INS34	chr4	160981996	160982296	SVhawkeye	chr4_160982146_160982146.e150.png	assets/INS/svhawkeye/INS34.png
INS	INS35	chr9	147776778	147777078	Bamsnap-LRS	insertion_ONT_HIFI_chr9_147776778_147777078.png	assets/INS/bamsnap-lrs/INS35.png
INS	INS35	chr9	147776778	147777078	Wally	INS35.png	assets/INS/wally/INS35.png
INS	INS35	chr9	147776778	147777078	SVhawkeye	chr9_147776928_147776928.e150.png	assets/INS/svhawkeye/INS35.png
INS	INS36	chr10	123096549	123096849	Bamsnap-LRS	insertion_ONT_HIFI_chr10_123096549_123096849.png	assets/INS/bamsnap-lrs/INS36.png
INS	INS36	chr10	123096549	123096849	Wally	INS36.png	assets/INS/wally/INS36.png
INS	INS36	chr10	123096549	123096849	SVhawkeye	chr10_123096699_123096699.e150.png	assets/INS/svhawkeye/INS36.png
INS	INS37	chr3	21154107	21154407	Bamsnap-LRS	insertion_ONT_HIFI_chr3_21154107_21154407.png	assets/INS/bamsnap-lrs/INS37.png
INS	INS37	chr3	21154107	21154407	Wally	INS37.png	assets/INS/wally/INS37.png
INS	INS37	chr3	21154107	21154407	SVhawkeye	chr3_21154257_21154257.e150.png	assets/INS/svhawkeye/INS37.png
INS	INS38	chr4	6854643	6854943	Bamsnap-LRS	insertion_ONT_HIFI_chr4_6854643_6854943.png	assets/INS/bamsnap-lrs/INS38.png
INS	INS38	chr4	6854643	6854943	Wally	INS38.png	assets/INS/wally/INS38.png
INS	INS38	chr4	6854643	6854943	SVhawkeye	chr4_6854793_6854793.e150.png	assets/INS/svhawkeye/INS38.png
INS	INS39	chr2	139068706	139069006	Bamsnap-LRS	insertion_ONT_HIFI_chr2_139068706_139069006.png	assets/INS/bamsnap-lrs/INS39.png
INS	INS39	chr2	139068706	139069006	Wally	INS39.png	assets/INS/wally/INS39.png
INS	INS39	chr2	139068706	139069006	SVhawkeye	chr2_139068856_139068856.e150.png	assets/INS/svhawkeye/INS39.png
INS	INS40	chr1	56248299	56248599	Bamsnap-LRS	insertion_ONT_HIFI_chr1_56248299_56248599.png	assets/INS/bamsnap-lrs/INS40.png
INS	INS40	chr1	56248299	56248599	Wally	INS40.png	assets/INS/wally/INS40.png
INS	INS40	chr1	56248299	56248599	SVhawkeye	chr1_56248449_56248449.e150.png	assets/INS/svhawkeye/INS40.png
INS	INS41	chr1	76228754	76229054	Bamsnap-LRS	insertion_ONT_HIFI_chr1_76228754_76229054.png	assets/INS/bamsnap-lrs/INS41.png
INS	INS41	chr1	76228754	76229054	Wally	INS41.png	assets/INS/wally/INS41.png
INS	INS41	chr1	76228754	76229054	SVhawkeye	chr1_76228904_76228904.e150.png	assets/INS/svhawkeye/INS41.png
INS	INS42	chr20	65168891	65169191	Bamsnap-LRS	insertion_ONT_HIFI_chr20_65168891_65169191.png	assets/INS/bamsnap-lrs/INS42.png
INS	INS42	chr20	65168891	65169191	Wally	INS42.png	assets/INS/wally/INS42.png
INS	INS42	chr20	65168891	65169191	SVhawkeye	chr20_65169041_65169041.e150.png	assets/INS/svhawkeye/INS42.png
INS	INS43	chr11	25164328	25164628	Bamsnap-LRS	insertion_ONT_HIFI_chr11_25164328_25164628.png	assets/INS/bamsnap-lrs/INS43.png
INS	INS43	chr11	25164328	25164628	Wally	INS43.png	assets/INS/wally/INS43.png
INS	INS43	chr11	25164328	25164628	SVhawkeye	chr11_25164478_25164478.e150.png	assets/INS/svhawkeye/INS43.png
INS	INS44	chr1	104718432	104718732	Bamsnap-LRS	insertion_ONT_HIFI_chr1_104718432_104718732.png	assets/INS/bamsnap-lrs/INS44.png
INS	INS44	chr1	104718432	104718732	Wally	INS44.png	assets/INS/wally/INS44.png
INS	INS44	chr1	104718432	104718732	SVhawkeye	chr1_104718582_104718582.e150.png	assets/INS/svhawkeye/INS44.png
INS	INS45	chr3	178976521	178976821	Bamsnap-LRS	insertion_ONT_HIFI_chr3_178976521_178976821.png	assets/INS/bamsnap-lrs/INS45.png
INS	INS45	chr3	178976521	178976821	Wally	INS45.png	assets/INS/wally/INS45.png
INS	INS45	chr3	178976521	178976821	SVhawkeye	chr3_178976671_178976671.e150.png	assets/INS/svhawkeye/INS45.png
INS	INS46	chr17	83460369	83460669	Bamsnap-LRS	insertion_ONT_HIFI_chr17_83460369_83460669.png	assets/INS/bamsnap-lrs/INS46.png
INS	INS46	chr17	83460369	83460669	Wally	INS46.png	assets/INS/wally/INS46.png
INS	INS46	chr17	83460369	83460669	SVhawkeye	chr17_83460519_83460519.e150.png	assets/INS/svhawkeye/INS46.png
INS	INS47	chr1	199171402	199171702	Bamsnap-LRS	insertion_ONT_HIFI_chr1_199171402_199171702.png	assets/INS/bamsnap-lrs/INS47.png
INS	INS47	chr1	199171402	199171702	Wally	INS47.png	assets/INS/wally/INS47.png
INS	INS47	chr1	199171402	199171702	SVhawkeye	chr1_199171552_199171552.e150.png	assets/INS/svhawkeye/INS47.png
INS	INS48	chr6	155804611	155804911	Bamsnap-LRS	insertion_ONT_HIFI_chr6_155804611_155804911.png	assets/INS/bamsnap-lrs/INS48.png
INS	INS48	chr6	155804611	155804911	Wally	INS48.png	assets/INS/wally/INS48.png
INS	INS48	chr6	155804611	155804911	SVhawkeye	chr6_155804761_155804761.e150.png	assets/INS/svhawkeye/INS48.png
INS	INS49	chr5	1866549	1866849	Bamsnap-LRS	insertion_ONT_HIFI_chr5_1866549_1866849.png	assets/INS/bamsnap-lrs/INS49.png
INS	INS49	chr5	1866549	1866849	Wally	INS49.png	assets/INS/wally/INS49.png
INS	INS49	chr5	1866549	1866849	SVhawkeye	chr5_1866699_1866699.e150.png	assets/INS/svhawkeye/INS49.png
INS	INS50	chr2	141059033	141059333	Bamsnap-LRS	insertion_ONT_HIFI_chr2_141059033_141059333.png	assets/INS/bamsnap-lrs/INS50.png
INS	INS50	chr2	141059033	141059333	Wally	INS50.png	assets/INS/wally/INS50.png
INS	INS50	chr2	141059033	141059333	SVhawkeye	chr2_141059183_141059183.e150.png	assets/INS/svhawkeye/INS50.png
DEL	DEL1	chr8	60182879	60183953	Bamsnap-LRS	deletion_ONT_HIFI_chr8_60182879_60183953.png	assets/DEL/bamsnap-lrs/DEL1.png
DEL	DEL1	chr8	60182879	60183953	Wally	DEL1.png	assets/DEL/wally/DEL1.png
DEL	DEL1	chr8	60182879	60183953	SVhawkeye	chr8_60182879_60183953.e500.png	assets/DEL/svhawkeye/DEL1.png
DEL	DEL2	chr1	91512852	91514428	Bamsnap-LRS	deletion_ONT_HIFI_chr1_91512852_91514428.png	assets/DEL/bamsnap-lrs/DEL2.png
DEL	DEL2	chr1	91512852	91514428	Wally	DEL2.png	assets/DEL/wally/DEL2.png
DEL	DEL2	chr1	91512852	91514428	SVhawkeye	chr1_91512852_91514428.e500.png	assets/DEL/svhawkeye/DEL2.png
DEL	DEL3	chrX	129457342	129458486	Bamsnap-LRS	deletion_ONT_HIFI_chrX_129457342_129458486.png	assets/DEL/bamsnap-lrs/DEL3.png
DEL	DEL3	chrX	129457342	129458486	Wally	DEL3.png	assets/DEL/wally/DEL3.png
DEL	DEL3	chrX	129457342	129458486	SVhawkeye	chrX_129457342_129458486.e500.png	assets/DEL/svhawkeye/DEL3.png
DEL	DEL4	chr18	2117131	2118423	Bamsnap-LRS	deletion_ONT_HIFI_chr18_2117131_2118423.png	assets/DEL/bamsnap-lrs/DEL4.png
DEL	DEL4	chr18	2117131	2118423	Wally	DEL4.png	assets/DEL/wally/DEL4.png
DEL	DEL4	chr18	2117131	2118423	SVhawkeye	chr18_2117131_2118423.e500.png	assets/DEL/svhawkeye/DEL4.png
DEL	DEL5	chr1	172051170	172052258	Bamsnap-LRS	deletion_ONT_HIFI_chr1_172051170_172052258.png	assets/DEL/bamsnap-lrs/DEL5.png
DEL	DEL5	chr1	172051170	172052258	Wally	DEL5.png	assets/DEL/wally/DEL5.png
DEL	DEL5	chr1	172051170	172052258	SVhawkeye	chr1_172051170_172052258.e500.png	assets/DEL/svhawkeye/DEL5.png
DEL	DEL6	chr18	70556708	70557792	Bamsnap-LRS	deletion_ONT_HIFI_chr18_70556708_70557792.png	assets/DEL/bamsnap-lrs/DEL6.png
DEL	DEL6	chr18	70556708	70557792	Wally	DEL6.png	assets/DEL/wally/DEL6.png
DEL	DEL6	chr18	70556708	70557792	SVhawkeye	chr18_70556708_70557792.e500.png	assets/DEL/svhawkeye/DEL6.png
DEL	DEL7	chr15	80861595	80862725	Bamsnap-LRS	deletion_ONT_HIFI_chr15_80861595_80862725.png	assets/DEL/bamsnap-lrs/DEL7.png
DEL	DEL7	chr15	80861595	80862725	Wally	DEL7.png	assets/DEL/wally/DEL7.png
DEL	DEL7	chr15	80861595	80862725	SVhawkeye	chr15_80861595_80862725.e500.png	assets/DEL/svhawkeye/DEL7.png
DEL	DEL8	chr7	159340552	159341818	Bamsnap-LRS	deletion_ONT_HIFI_chr7_159340552_159341818.png	assets/DEL/bamsnap-lrs/DEL8.png
DEL	DEL8	chr7	159340552	159341818	Wally	DEL8.png	assets/DEL/wally/DEL8.png
DEL	DEL8	chr7	159340552	159341818	SVhawkeye	chr7_159340552_159341818.e500.png	assets/DEL/svhawkeye/DEL8.png
DEL	DEL9	chr2	241422914	241424174	Bamsnap-LRS	deletion_ONT_HIFI_chr2_241422914_241424174.png	assets/DEL/bamsnap-lrs/DEL9.png
DEL	DEL9	chr2	241422914	241424174	Wally	DEL9.png	assets/DEL/wally/DEL9.png
DEL	DEL9	chr2	241422914	241424174	SVhawkeye	chr2_241422914_241424174.e500.png	assets/DEL/svhawkeye/DEL9.png
DEL	DEL10	chr12	132297139	132298214	Bamsnap-LRS	deletion_ONT_HIFI_chr12_132297139_132298214.png	assets/DEL/bamsnap-lrs/DEL10.png
DEL	DEL10	chr12	132297139	132298214	Wally	DEL10.png	assets/DEL/wally/DEL10.png
DEL	DEL10	chr12	132297139	132298214	SVhawkeye	chr12_132297139_132298214.e500.png	assets/DEL/svhawkeye/DEL10.png
DEL	DEL11	chr18	821225	822284	Bamsnap-LRS	deletion_ONT_HIFI_chr18_821225_822284.png	assets/DEL/bamsnap-lrs/DEL11.png
DEL	DEL11	chr18	821225	822284	Wally	DEL11.png	assets/DEL/wally/DEL11.png
DEL	DEL11	chr18	821225	822284	SVhawkeye	chr18_821225_822284.e500.png	assets/DEL/svhawkeye/DEL11.png
DEL	DEL12	chr9	85472004	85473073	Bamsnap-LRS	deletion_ONT_HIFI_chr9_85472004_85473073.png	assets/DEL/bamsnap-lrs/DEL12.png
DEL	DEL12	chr9	85472004	85473073	Wally	DEL12.png	assets/DEL/wally/DEL12.png
DEL	DEL12	chr9	85472004	85473073	SVhawkeye	chr9_85472004_85473073.e500.png	assets/DEL/svhawkeye/DEL12.png
DEL	DEL13	chr13	49017766	49018820	Bamsnap-LRS	deletion_ONT_HIFI_chr13_49017766_49018820.png	assets/DEL/bamsnap-lrs/DEL13.png
DEL	DEL13	chr13	49017766	49018820	Wally	DEL13.png	assets/DEL/wally/DEL13.png
DEL	DEL13	chr13	49017766	49018820	SVhawkeye	chr13_49017766_49018820.e500.png	assets/DEL/svhawkeye/DEL13.png
DEL	DEL14	chr1	9730845	9731970	Bamsnap-LRS	deletion_ONT_HIFI_chr1_9730845_9731970.png	assets/DEL/bamsnap-lrs/DEL14.png
DEL	DEL14	chr1	9730845	9731970	Wally	DEL14.png	assets/DEL/wally/DEL14.png
DEL	DEL14	chr1	9730845	9731970	SVhawkeye	chr1_9730845_9731970.e500.png	assets/DEL/svhawkeye/DEL14.png
DEL	DEL15	chr9	148829985	148831156	Bamsnap-LRS	deletion_ONT_HIFI_chr9_148829985_148831156.png	assets/DEL/bamsnap-lrs/DEL15.png
DEL	DEL15	chr9	148829985	148831156	Wally	DEL15.png	assets/DEL/wally/DEL15.png
DEL	DEL15	chr9	148829985	148831156	SVhawkeye	chr9_148829985_148831156.e500.png	assets/DEL/svhawkeye/DEL15.png
DEL	DEL16	chr6	160897402	160898716	Bamsnap-LRS	deletion_ONT_HIFI_chr6_160897402_160898716.png	assets/DEL/bamsnap-lrs/DEL16.png
DEL	DEL16	chr6	160897402	160898716	Wally	DEL16.png	assets/DEL/wally/DEL16.png
DEL	DEL16	chr6	160897402	160898716	SVhawkeye	chr6_160897402_160898716.e500.png	assets/DEL/svhawkeye/DEL16.png
DEL	DEL17	chr10	104106212	104107293	Bamsnap-LRS	deletion_ONT_HIFI_chr10_104106212_104107293.png	assets/DEL/bamsnap-lrs/DEL17.png
DEL	DEL17	chr10	104106212	104107293	Wally	DEL17.png	assets/DEL/wally/DEL17.png
DEL	DEL17	chr10	104106212	104107293	SVhawkeye	chr10_104106212_104107293.e500.png	assets/DEL/svhawkeye/DEL17.png
DEL	DEL18	chrX	126985536	126986632	Bamsnap-LRS	deletion_ONT_HIFI_chrX_126985536_126986632.png	assets/DEL/bamsnap-lrs/DEL18.png
DEL	DEL18	chrX	126985536	126986632	Wally	DEL18.png	assets/DEL/wally/DEL18.png
DEL	DEL18	chrX	126985536	126986632	SVhawkeye	chrX_126985536_126986632.e500.png	assets/DEL/svhawkeye/DEL18.png
DEL	DEL19	chr6	854361	855568	Bamsnap-LRS	deletion_ONT_HIFI_chr6_854361_855568.png	assets/DEL/bamsnap-lrs/DEL19.png
DEL	DEL19	chr6	854361	855568	Wally	DEL19.png	assets/DEL/wally/DEL19.png
DEL	DEL19	chr6	854361	855568	SVhawkeye	chr6_854361_855568.e500.png	assets/DEL/svhawkeye/DEL19.png
DEL	DEL20	chr19	8172716	8174023	Bamsnap-LRS	deletion_ONT_HIFI_chr19_8172716_8174023.png	assets/DEL/bamsnap-lrs/DEL20.png
DEL	DEL20	chr19	8172716	8174023	Wally	DEL20.png	assets/DEL/wally/DEL20.png
DEL	DEL20	chr19	8172716	8174023	SVhawkeye	chr19_8172716_8174023.e500.png	assets/DEL/svhawkeye/DEL20.png
DEL	DEL21	chr6	113456600	113457651	Bamsnap-LRS	deletion_ONT_HIFI_chr6_113456600_113457651.png	assets/DEL/bamsnap-lrs/DEL21.png
DEL	DEL21	chr6	113456600	113457651	Wally	DEL21.png	assets/DEL/wally/DEL21.png
DEL	DEL21	chr6	113456600	113457651	SVhawkeye	chr6_113456600_113457651.e500.png	assets/DEL/svhawkeye/DEL21.png
DEL	DEL22	chr6	169841350	169842430	Bamsnap-LRS	deletion_ONT_HIFI_chr6_169841350_169842430.png	assets/DEL/bamsnap-lrs/DEL22.png
DEL	DEL22	chr6	169841350	169842430	Wally	DEL22.png	assets/DEL/wally/DEL22.png
DEL	DEL22	chr6	169841350	169842430	SVhawkeye	chr6_169841350_169842430.e500.png	assets/DEL/svhawkeye/DEL22.png
DEL	DEL23	chr9	116812975	116814289	Bamsnap-LRS	deletion_ONT_HIFI_chr9_116812975_116814289.png	assets/DEL/bamsnap-lrs/DEL23.png
DEL	DEL23	chr9	116812975	116814289	Wally	DEL23.png	assets/DEL/wally/DEL23.png
DEL	DEL23	chr9	116812975	116814289	SVhawkeye	chr9_116812975_116814289.e500.png	assets/DEL/svhawkeye/DEL23.png
DEL	DEL24	chr4	193164135	193165271	Bamsnap-LRS	deletion_ONT_HIFI_chr4_193164135_193165271.png	assets/DEL/bamsnap-lrs/DEL24.png
DEL	DEL24	chr4	193164135	193165271	Wally	DEL24.png	assets/DEL/wally/DEL24.png
DEL	DEL24	chr4	193164135	193165271	SVhawkeye	chr4_193164135_193165271.e500.png	assets/DEL/svhawkeye/DEL24.png
DEL	DEL25	chr6	30877277	30878589	Bamsnap-LRS	deletion_ONT_HIFI_chr6_30877277_30878589.png	assets/DEL/bamsnap-lrs/DEL25.png
DEL	DEL25	chr6	30877277	30878589	Wally	DEL25.png	assets/DEL/wally/DEL25.png
DEL	DEL25	chr6	30877277	30878589	SVhawkeye	chr6_30877277_30878589.e500.png	assets/DEL/svhawkeye/DEL25.png
DEL	DEL26	chr8	133667898	133669072	Bamsnap-LRS	deletion_ONT_HIFI_chr8_133667898_133669072.png	assets/DEL/bamsnap-lrs/DEL26.png
DEL	DEL26	chr8	133667898	133669072	Wally	DEL26.png	assets/DEL/wally/DEL26.png
DEL	DEL26	chr8	133667898	133669072	SVhawkeye	chr8_133667898_133669072.e500.png	assets/DEL/svhawkeye/DEL26.png
DEL	DEL27	chr10	19787252	19788344	Bamsnap-LRS	deletion_ONT_HIFI_chr10_19787252_19788344.png	assets/DEL/bamsnap-lrs/DEL27.png
DEL	DEL27	chr10	19787252	19788344	Wally	DEL27.png	assets/DEL/wally/DEL27.png
DEL	DEL27	chr10	19787252	19788344	SVhawkeye	chr10_19787252_19788344.e500.png	assets/DEL/svhawkeye/DEL27.png
DEL	DEL28	chr1	87668443	87669565	Bamsnap-LRS	deletion_ONT_HIFI_chr1_87668443_87669565.png	assets/DEL/bamsnap-lrs/DEL28.png
DEL	DEL28	chr1	87668443	87669565	Wally	DEL28.png	assets/DEL/wally/DEL28.png
DEL	DEL28	chr1	87668443	87669565	SVhawkeye	chr1_87668443_87669565.e500.png	assets/DEL/svhawkeye/DEL28.png
DEL	DEL29	chr16	1471617	1472767	Bamsnap-LRS	deletion_ONT_HIFI_chr16_1471617_1472767.png	assets/DEL/bamsnap-lrs/DEL29.png
DEL	DEL29	chr16	1471617	1472767	Wally	DEL29.png	assets/DEL/wally/DEL29.png
DEL	DEL29	chr16	1471617	1472767	SVhawkeye	chr16_1471617_1472767.e500.png	assets/DEL/svhawkeye/DEL29.png
DEL	DEL30	chr19	16063693	16064753	Bamsnap-LRS	deletion_ONT_HIFI_chr19_16063693_16064753.png	assets/DEL/bamsnap-lrs/DEL30.png
DEL	DEL30	chr19	16063693	16064753	Wally	DEL30.png	assets/DEL/wally/DEL30.png
DEL	DEL30	chr19	16063693	16064753	SVhawkeye	chr19_16063693_16064753.e500.png	assets/DEL/svhawkeye/DEL30.png
DEL	DEL31	chr22	47868971	47870025	Bamsnap-LRS	deletion_ONT_HIFI_chr22_47868971_47870025.png	assets/DEL/bamsnap-lrs/DEL31.png
DEL	DEL31	chr22	47868971	47870025	Wally	DEL31.png	assets/DEL/wally/DEL31.png
DEL	DEL31	chr22	47868971	47870025	SVhawkeye	chr22_47868971_47870025.e500.png	assets/DEL/svhawkeye/DEL31.png
DEL	DEL32	chr2	241284409	241285676	Bamsnap-LRS	deletion_ONT_HIFI_chr2_241284409_241285676.png	assets/DEL/bamsnap-lrs/DEL32.png
DEL	DEL32	chr2	241284409	241285676	Wally	DEL32.png	assets/DEL/wally/DEL32.png
DEL	DEL32	chr2	241284409	241285676	SVhawkeye	chr2_241284409_241285676.e500.png	assets/DEL/svhawkeye/DEL32.png
DEL	DEL33	chr4	192223771	192224840	Bamsnap-LRS	deletion_ONT_HIFI_chr4_192223771_192224840.png	assets/DEL/bamsnap-lrs/DEL33.png
DEL	DEL33	chr4	192223771	192224840	Wally	DEL33.png	assets/DEL/wally/DEL33.png
DEL	DEL33	chr4	192223771	192224840	SVhawkeye	chr4_192223771_192224840.e500.png	assets/DEL/svhawkeye/DEL33.png
DEL	DEL34	chr4	88992387	88993708	Bamsnap-LRS	deletion_ONT_HIFI_chr4_88992387_88993708.png	assets/DEL/bamsnap-lrs/DEL34.png
DEL	DEL34	chr4	88992387	88993708	Wally	DEL34.png	assets/DEL/wally/DEL34.png
DEL	DEL34	chr4	88992387	88993708	SVhawkeye	chr4_88992387_88993708.e500.png	assets/DEL/svhawkeye/DEL34.png
DEL	DEL35	chr9	395999	397053	Bamsnap-LRS	deletion_ONT_HIFI_chr9_395999_397053.png	assets/DEL/bamsnap-lrs/DEL35.png
DEL	DEL35	chr9	395999	397053	Wally	DEL35.png	assets/DEL/wally/DEL35.png
DEL	DEL35	chr9	395999	397053	SVhawkeye	chr9_395999_397053.e500.png	assets/DEL/svhawkeye/DEL35.png
DEL	DEL36	chr10	1463259	1464725	Bamsnap-LRS	deletion_ONT_HIFI_chr10_1463259_1464725.png	assets/DEL/bamsnap-lrs/DEL36.png
DEL	DEL36	chr10	1463259	1464725	Wally	DEL36.png	assets/DEL/wally/DEL36.png
DEL	DEL36	chr10	1463259	1464725	SVhawkeye	chr10_1463259_1464725.e500.png	assets/DEL/svhawkeye/DEL36.png
DEL	DEL37	chr2	241138215	241139326	Bamsnap-LRS	deletion_ONT_HIFI_chr2_241138215_241139326.png	assets/DEL/bamsnap-lrs/DEL37.png
DEL	DEL37	chr2	241138215	241139326	Wally	DEL37.png	assets/DEL/wally/DEL37.png
DEL	DEL37	chr2	241138215	241139326	SVhawkeye	chr2_241138215_241139326.e500.png	assets/DEL/svhawkeye/DEL37.png
DEL	DEL38	chr3	187569363	187571130	Bamsnap-LRS	deletion_ONT_HIFI_chr3_187569363_187571130.png	assets/DEL/bamsnap-lrs/DEL38.png
DEL	DEL38	chr3	187569363	187571130	Wally	DEL38.png	assets/DEL/wally/DEL38.png
DEL	DEL38	chr3	187569363	187571130	SVhawkeye	chr3_187569363_187571130.e500.png	assets/DEL/svhawkeye/DEL38.png
DEL	DEL39	chr2	105740176	105741302	Bamsnap-LRS	deletion_ONT_HIFI_chr2_105740176_105741302.png	assets/DEL/bamsnap-lrs/DEL39.png
DEL	DEL39	chr2	105740176	105741302	Wally	DEL39.png	assets/DEL/wally/DEL39.png
DEL	DEL39	chr2	105740176	105741302	SVhawkeye	chr2_105740176_105741302.e500.png	assets/DEL/svhawkeye/DEL39.png
DEL	DEL40	chr1	36602826	36603906	Bamsnap-LRS	deletion_ONT_HIFI_chr1_36602826_36603906.png	assets/DEL/bamsnap-lrs/DEL40.png
DEL	DEL40	chr1	36602826	36603906	Wally	DEL40.png	assets/DEL/wally/DEL40.png
DEL	DEL40	chr1	36602826	36603906	SVhawkeye	chr1_36602826_36603906.e500.png	assets/DEL/svhawkeye/DEL40.png
DEL	DEL41	chr1	54444896	54446305	Bamsnap-LRS	deletion_ONT_HIFI_chr1_54444896_54446305.png	assets/DEL/bamsnap-lrs/DEL41.png
DEL	DEL41	chr1	54444896	54446305	Wally	DEL41.png	assets/DEL/wally/DEL41.png
DEL	DEL41	chr1	54444896	54446305	SVhawkeye	chr1_54444896_54446305.e500.png	assets/DEL/svhawkeye/DEL41.png
DEL	DEL42	chr19	32650944	32652017	Bamsnap-LRS	deletion_ONT_HIFI_chr19_32650944_32652017.png	assets/DEL/bamsnap-lrs/DEL42.png
DEL	DEL42	chr19	32650944	32652017	Wally	DEL42.png	assets/DEL/wally/DEL42.png
DEL	DEL42	chr19	32650944	32652017	SVhawkeye	chr19_32650944_32652017.e500.png	assets/DEL/svhawkeye/DEL42.png
DEL	DEL43	chr10	104139211	104140337	Bamsnap-LRS	deletion_ONT_HIFI_chr10_104139211_104140337.png	assets/DEL/bamsnap-lrs/DEL43.png
DEL	DEL43	chr10	104139211	104140337	Wally	DEL43.png	assets/DEL/wally/DEL43.png
DEL	DEL43	chr10	104139211	104140337	SVhawkeye	chr10_104139211_104140337.e500.png	assets/DEL/svhawkeye/DEL43.png
DEL	DEL44	chr1	83600526	83601610	Bamsnap-LRS	deletion_ONT_HIFI_chr1_83600526_83601610.png	assets/DEL/bamsnap-lrs/DEL44.png
DEL	DEL44	chr1	83600526	83601610	Wally	DEL44.png	assets/DEL/wally/DEL44.png
DEL	DEL44	chr1	83600526	83601610	SVhawkeye	chr1_83600526_83601610.e500.png	assets/DEL/svhawkeye/DEL44.png
DEL	DEL45	chr3	88504437	88505733	Bamsnap-LRS	deletion_ONT_HIFI_chr3_88504437_88505733.png	assets/DEL/bamsnap-lrs/DEL45.png
DEL	DEL45	chr3	88504437	88505733	Wally	DEL45.png	assets/DEL/wally/DEL45.png
DEL	DEL45	chr3	88504437	88505733	SVhawkeye	chr3_88504437_88505733.e500.png	assets/DEL/svhawkeye/DEL45.png
DEL	DEL46	chr16	91718209	91719286	Bamsnap-LRS	deletion_ONT_HIFI_chr16_91718209_91719286.png	assets/DEL/bamsnap-lrs/DEL46.png
DEL	DEL46	chr16	91718209	91719286	Wally	DEL46.png	assets/DEL/wally/DEL46.png
DEL	DEL46	chr16	91718209	91719286	SVhawkeye	chr16_91718209_91719286.e500.png	assets/DEL/svhawkeye/DEL46.png
DEL	DEL47	chr1	171292988	171294048	Bamsnap-LRS	deletion_ONT_HIFI_chr1_171292988_171294048.png	assets/DEL/bamsnap-lrs/DEL47.png
DEL	DEL47	chr1	171292988	171294048	Wally	DEL47.png	assets/DEL/wally/DEL47.png
DEL	DEL47	chr1	171292988	171294048	SVhawkeye	chr1_171292988_171294048.e500.png	assets/DEL/svhawkeye/DEL47.png
DEL	DEL48	chr6	63098572	63099676	Bamsnap-LRS	deletion_ONT_HIFI_chr6_63098572_63099676.png	assets/DEL/bamsnap-lrs/DEL48.png
DEL	DEL48	chr6	63098572	63099676	Wally	DEL48.png	assets/DEL/wally/DEL48.png
DEL	DEL48	chr6	63098572	63099676	SVhawkeye	chr6_63098572_63099676.e500.png	assets/DEL/svhawkeye/DEL48.png
DEL	DEL49	chr4	190316293	190317351	Bamsnap-LRS	deletion_ONT_HIFI_chr4_190316293_190317351.png	assets/DEL/bamsnap-lrs/DEL49.png
DEL	DEL49	chr4	190316293	190317351	Wally	DEL49.png	assets/DEL/wally/DEL49.png
DEL	DEL49	chr4	190316293	190317351	SVhawkeye	chr4_190316293_190317351.e500.png	assets/DEL/svhawkeye/DEL49.png
DEL	DEL50	chr2	106928368	106929458	Bamsnap-LRS	deletion_ONT_HIFI_chr2_106928368_106929458.png	assets/DEL/bamsnap-lrs/DEL50.png
DEL	DEL50	chr2	106928368	106929458	Wally	DEL50.png	assets/DEL/wally/DEL50.png
DEL	DEL50	chr2	106928368	106929458	SVhawkeye	chr2_106928368_106929458.e500.png	assets/DEL/svhawkeye/DEL50.png
PHASE	random_region1	chr3	194574151	194610146	Bamsnap-LRS	SNV_chr3_194574151_194610146.png	assets/PHASE/bamsnap-lrs/random_region1.png
PHASE	random_region1	chr3	194574151	194610146	Wally	random_region1.png	assets/PHASE/wally/random_region1.png
PHASE	random_region2	chr19	34202875	34218932	Bamsnap-LRS	SNV_chr19_34202875_34218932.png	assets/PHASE/bamsnap-lrs/random_region2.png
PHASE	random_region2	chr19	34202875	34218932	Wally	random_region2.png	assets/PHASE/wally/random_region2.png
PHASE	random_region3	chr3	66088064	66090775	Bamsnap-LRS	SNV_chr3_66088064_66090775.png	assets/PHASE/bamsnap-lrs/random_region3.png
PHASE	random_region3	chr3	66088064	66090775	Wally	random_region3.png	assets/PHASE/wally/random_region3.png
PHASE	random_region4	chr11	93624961	93665682	Bamsnap-LRS	SNV_chr11_93624961_93665682.png	assets/PHASE/bamsnap-lrs/random_region4.png
PHASE	random_region4	chr11	93624961	93665682	Wally	random_region4.png	assets/PHASE/wally/random_region4.png
PHASE	random_region5	chr4	114928512	114929609	Bamsnap-LRS	SNV_chr4_114928512_114929609.png	assets/PHASE/bamsnap-lrs/random_region5.png
PHASE	random_region5	chr4	114928512	114929609	Wally	random_region5.png	assets/PHASE/wally/random_region5.png
PHASE	random_region6	chr12	74994312	75006232	Bamsnap-LRS	SNV_chr12_74994312_75006232.png	assets/PHASE/bamsnap-lrs/random_region6.png
PHASE	random_region6	chr12	74994312	75006232	Wally	random_region6.png	assets/PHASE/wally/random_region6.png
PHASE	random_region7	chr8	5395978	5417191	Bamsnap-LRS	SNV_chr8_5395978_5417191.png	assets/PHASE/bamsnap-lrs/random_region7.png
PHASE	random_region7	chr8	5395978	5417191	Wally	random_region7.png	assets/PHASE/wally/random_region7.png
PHASE	random_region8	chr13	90119751	90164416	Bamsnap-LRS	SNV_chr13_90119751_90164416.png	assets/PHASE/bamsnap-lrs/random_region8.png
PHASE	random_region8	chr13	90119751	90164416	Wally	random_region8.png	assets/PHASE/wally/random_region8.png
PHASE	random_region9	chr1	88863903	88892561	Bamsnap-LRS	SNV_chr1_88863903_88892561.png	assets/PHASE/bamsnap-lrs/random_region9.png
PHASE	random_region9	chr1	88863903	88892561	Wally	random_region9.png	assets/PHASE/wally/random_region9.png
PHASE	random_region10	chr10	91375226	91411141	Bamsnap-LRS	SNV_chr10_91375226_91411141.png	assets/PHASE/bamsnap-lrs/random_region10.png
PHASE	random_region10	chr10	91375226	91411141	Wally	random_region10.png	assets/PHASE/wally/random_region10.png
PHASE	random_region11	chr8	124299239	124325683	Bamsnap-LRS	SNV_chr8_124299239_124325683.png	assets/PHASE/bamsnap-lrs/random_region11.png
PHASE	random_region11	chr8	124299239	124325683	Wally	random_region11.png	assets/PHASE/wally/random_region11.png
PHASE	random_region12	chr3	51686997	51710378	Bamsnap-LRS	SNV_chr3_51686997_51710378.png	assets/PHASE/bamsnap-lrs/random_region12.png
PHASE	random_region12	chr3	51686997	51710378	Wally	random_region12.png	assets/PHASE/wally/random_region12.png
PHASE	random_region13	chr4	52966961	53004402	Bamsnap-LRS	SNV_chr4_52966961_53004402.png	assets/PHASE/bamsnap-lrs/random_region13.png
PHASE	random_region13	chr4	52966961	53004402	Wally	random_region13.png	assets/PHASE/wally/random_region13.png
PHASE	random_region14	chr11	40857316	40890305	Bamsnap-LRS	SNV_chr11_40857316_40890305.png	assets/PHASE/bamsnap-lrs/random_region14.png
PHASE	random_region14	chr11	40857316	40890305	Wally	random_region14.png	assets/PHASE/wally/random_region14.png
PHASE	random_region15	chr5	138769832	138783294	Bamsnap-LRS	SNV_chr5_138769832_138783294.png	assets/PHASE/bamsnap-lrs/random_region15.png
PHASE	random_region15	chr5	138769832	138783294	Wally	random_region15.png	assets/PHASE/wally/random_region15.png
PHASE	random_region16	chr1	179329323	179335970	Bamsnap-LRS	SNV_chr1_179329323_179335970.png	assets/PHASE/bamsnap-lrs/random_region16.png
PHASE	random_region16	chr1	179329323	179335970	Wally	random_region16.png	assets/PHASE/wally/random_region16.png
PHASE	random_region17	chr13	57062563	57091987	Bamsnap-LRS	SNV_chr13_57062563_57091987.png	assets/PHASE/bamsnap-lrs/random_region17.png
PHASE	random_region17	chr13	57062563	57091987	Wally	random_region17.png	assets/PHASE/wally/random_region17.png
PHASE	random_region18	chr1	3531546	3561352	Bamsnap-LRS	SNV_chr1_3531546_3561352.png	assets/PHASE/bamsnap-lrs/random_region18.png
PHASE	random_region18	chr1	3531546	3561352	Wally	random_region18.png	assets/PHASE/wally/random_region18.png
PHASE	random_region19	chr11	14978998	15016006	Bamsnap-LRS	SNV_chr11_14978998_15016006.png	assets/PHASE/bamsnap-lrs/random_region19.png
PHASE	random_region19	chr11	14978998	15016006	Wally	random_region19.png	assets/PHASE/wally/random_region19.png
PHASE	random_region20	chr4	19004720	19042033	Bamsnap-LRS	SNV_chr4_19004720_19042033.png	assets/PHASE/bamsnap-lrs/random_region20.png
PHASE	random_region20	chr4	19004720	19042033	Wally	random_region20.png	assets/PHASE/wally/random_region20.png
PHASE	random_region21	chr15	36839775	36857291	Bamsnap-LRS	SNV_chr15_36839775_36857291.png	assets/PHASE/bamsnap-lrs/random_region21.png
PHASE	random_region21	chr15	36839775	36857291	Wally	random_region21.png	assets/PHASE/wally/random_region21.png
PHASE	random_region22	chr12	91724673	91758179	Bamsnap-LRS	SNV_chr12_91724673_91758179.png	assets/PHASE/bamsnap-lrs/random_region22.png
PHASE	random_region22	chr12	91724673	91758179	Wally	random_region22.png	assets/PHASE/wally/random_region22.png
PHASE	random_region23	chr5	178301984	178344371	Bamsnap-LRS	SNV_chr5_178301984_178344371.png	assets/PHASE/bamsnap-lrs/random_region23.png
PHASE	random_region23	chr5	178301984	178344371	Wally	random_region23.png	assets/PHASE/wally/random_region23.png
PHASE	random_region24	chrX	32867451	32910168	Bamsnap-LRS	SNV_chrX_32867451_32910168.png	assets/PHASE/bamsnap-lrs/random_region24.png
PHASE	random_region24	chrX	32867451	32910168	Wally	random_region24.png	assets/PHASE/wally/random_region24.png
PHASE	random_region25	chr4	75960886	76008608	Bamsnap-LRS	SNV_chr4_75960886_76008608.png	assets/PHASE/bamsnap-lrs/random_region25.png
PHASE	random_region25	chr4	75960886	76008608	Wally	random_region25.png	assets/PHASE/wally/random_region25.png
PHASE	random_region26	chr13	76596802	76613642	Bamsnap-LRS	SNV_chr13_76596802_76613642.png	assets/PHASE/bamsnap-lrs/random_region26.png
PHASE	random_region26	chr13	76596802	76613642	Wally	random_region26.png	assets/PHASE/wally/random_region26.png
PHASE	random_region27	chr1	203607688	203615470	Bamsnap-LRS	SNV_chr1_203607688_203615470.png	assets/PHASE/bamsnap-lrs/random_region27.png
PHASE	random_region27	chr1	203607688	203615470	Wally	random_region27.png	assets/PHASE/wally/random_region27.png
PHASE	random_region28	chr18	35463093	35496639	Bamsnap-LRS	SNV_chr18_35463093_35496639.png	assets/PHASE/bamsnap-lrs/random_region28.png
PHASE	random_region28	chr18	35463093	35496639	Wally	random_region28.png	assets/PHASE/wally/random_region28.png
PHASE	random_region29	chr12	28608817	28624432	Bamsnap-LRS	SNV_chr12_28608817_28624432.png	assets/PHASE/bamsnap-lrs/random_region29.png
PHASE	random_region29	chr12	28608817	28624432	Wally	random_region29.png	assets/PHASE/wally/random_region29.png
PHASE	random_region30	chr11	78061781	78092087	Bamsnap-LRS	SNV_chr11_78061781_78092087.png	assets/PHASE/bamsnap-lrs/random_region30.png
PHASE	random_region30	chr11	78061781	78092087	Wally	random_region30.png	assets/PHASE/wally/random_region30.png
PHASE	random_region31	chr1	187806634	187830900	Bamsnap-LRS	SNV_chr1_187806634_187830900.png	assets/PHASE/bamsnap-lrs/random_region31.png
PHASE	random_region31	chr1	187806634	187830900	Wally	random_region31.png	assets/PHASE/wally/random_region31.png
PHASE	random_region32	chr17	65578123	65618435	Bamsnap-LRS	SNV_chr17_65578123_65618435.png	assets/PHASE/bamsnap-lrs/random_region32.png
PHASE	random_region32	chr17	65578123	65618435	Wally	random_region32.png	assets/PHASE/wally/random_region32.png
PHASE	random_region33	chr9	94633270	94679081	Bamsnap-LRS	SNV_chr9_94633270_94679081.png	assets/PHASE/bamsnap-lrs/random_region33.png
PHASE	random_region33	chr9	94633270	94679081	Wally	random_region33.png	assets/PHASE/wally/random_region33.png
PHASE	random_region34	chr3	183058589	183088419	Bamsnap-LRS	SNV_chr3_183058589_183088419.png	assets/PHASE/bamsnap-lrs/random_region34.png
PHASE	random_region34	chr3	183058589	183088419	Wally	random_region34.png	assets/PHASE/wally/random_region34.png
PHASE	random_region35	chr8	4299924	4316873	Bamsnap-LRS	SNV_chr8_4299924_4316873.png	assets/PHASE/bamsnap-lrs/random_region35.png
PHASE	random_region35	chr8	4299924	4316873	Wally	random_region35.png	assets/PHASE/wally/random_region35.png
PHASE	random_region36	chr4	81283221	81298571	Bamsnap-LRS	SNV_chr4_81283221_81298571.png	assets/PHASE/bamsnap-lrs/random_region36.png
PHASE	random_region36	chr4	81283221	81298571	Wally	random_region36.png	assets/PHASE/wally/random_region36.png
PHASE	random_region37	chr3	123740019	123782007	Bamsnap-LRS	SNV_chr3_123740019_123782007.png	assets/PHASE/bamsnap-lrs/random_region37.png
PHASE	random_region37	chr3	123740019	123782007	Wally	random_region37.png	assets/PHASE/wally/random_region37.png
PHASE	random_region38	chr7	18708139	18718183	Bamsnap-LRS	SNV_chr7_18708139_18718183.png	assets/PHASE/bamsnap-lrs/random_region38.png
PHASE	random_region38	chr7	18708139	18718183	Wally	random_region38.png	assets/PHASE/wally/random_region38.png
PHASE	random_region39	chr13	76024790	76031317	Bamsnap-LRS	SNV_chr13_76024790_76031317.png	assets/PHASE/bamsnap-lrs/random_region39.png
PHASE	random_region39	chr13	76024790	76031317	Wally	random_region39.png	assets/PHASE/wally/random_region39.png
PHASE	random_region40	chr5	2335589	2352188	Bamsnap-LRS	SNV_chr5_2335589_2352188.png	assets/PHASE/bamsnap-lrs/random_region40.png
PHASE	random_region40	chr5	2335589	2352188	Wally	random_region40.png	assets/PHASE/wally/random_region40.png
PHASE	random_region41	chr9	104241915	104279889	Bamsnap-LRS	SNV_chr9_104241915_104279889.png	assets/PHASE/bamsnap-lrs/random_region41.png
PHASE	random_region41	chr9	104241915	104279889	Wally	random_region41.png	assets/PHASE/wally/random_region41.png
PHASE	random_region42	chr2	26729995	26741451	Bamsnap-LRS	SNV_chr2_26729995_26741451.png	assets/PHASE/bamsnap-lrs/random_region42.png
PHASE	random_region42	chr2	26729995	26741451	Wally	random_region42.png	assets/PHASE/wally/random_region42.png
PHASE	random_region43	chr10	6452769	6460340	Bamsnap-LRS	SNV_chr10_6452769_6460340.png	assets/PHASE/bamsnap-lrs/random_region43.png
PHASE	random_region43	chr10	6452769	6460340	Wally	random_region43.png	assets/PHASE/wally/random_region43.png
PHASE	random_region44	chr7	36947939	36957625	Bamsnap-LRS	SNV_chr7_36947939_36957625.png	assets/PHASE/bamsnap-lrs/random_region44.png
PHASE	random_region44	chr7	36947939	36957625	Wally	random_region44.png	assets/PHASE/wally/random_region44.png
PHASE	random_region45	chr13	35871303	35884135	Bamsnap-LRS	SNV_chr13_35871303_35884135.png	assets/PHASE/bamsnap-lrs/random_region45.png
PHASE	random_region45	chr13	35871303	35884135	Wally	random_region45.png	assets/PHASE/wally/random_region45.png
PHASE	random_region46	chr7	106035858	106045879	Bamsnap-LRS	SNV_chr7_106035858_106045879.png	assets/PHASE/bamsnap-lrs/random_region46.png
PHASE	random_region46	chr7	106035858	106045879	Wally	random_region46.png	assets/PHASE/wally/random_region46.png
PHASE	random_region47	chr6	94092753	94126317	Bamsnap-LRS	SNV_chr6_94092753_94126317.png	assets/PHASE/bamsnap-lrs/random_region47.png
PHASE	random_region47	chr6	94092753	94126317	Wally	random_region47.png	assets/PHASE/wally/random_region47.png
PHASE	random_region48	chr17	6812154	6849636	Bamsnap-LRS	SNV_chr17_6812154_6849636.png	assets/PHASE/bamsnap-lrs/random_region48.png
PHASE	random_region48	chr17	6812154	6849636	Wally	random_region48.png	assets/PHASE/wally/random_region48.png
PHASE	random_region49	chr7	112686183	112733356	Bamsnap-LRS	SNV_chr7_112686183_112733356.png	assets/PHASE/bamsnap-lrs/random_region49.png
PHASE	random_region49	chr7	112686183	112733356	Wally	random_region49.png	assets/PHASE/wally/random_region49.png
PHASE	random_region50	chr15	28316257	28336001	Bamsnap-LRS	SNV_chr15_28316257_28336001.png	assets/PHASE/bamsnap-lrs/random_region50.png
PHASE	random_region50	chr15	28316257	28336001	Wally	random_region50.png	assets/PHASE/wally/random_region50.png
